Price,Close,High,Low,Open,Volume
Ticker,NFLX,NFLX,NFLX,NFLX,NFLX
Date,,,,,
2022-07-14,174.77999877929688,177.52000427246094,171.82000732421875,175.55999755859375,9039500
2022-07-15,189.11000061035156,189.22000122070312,174.55999755859375,175.5800018310547,16319100
2022-07-18,190.9199981689453,199.6699981689453,189.8000030517578,192.5,16322800
2022-07-19,201.6300048828125,201.97000122070312,188.39999389648438,193.02000427246094,28178700
2022-07-20,216.44000244140625,216.97000122070312,200.10000610351562,208.1699981689453,53920300
2022-07-21,223.8800048828125,224.32000732421875,211.5,214.3000030517578,23430100
2022-07-22,220.44000244140625,229.35000610351562,218.44000244140625,222.3800048828125,17805500
2022-07-25,218.50999450683594,225.22999572753906,216.35000610351562,221.30999755859375,10935200
2022-07-26,213.91000366210938,219.38999938964844,211.63999938964844,216.66000366210938,9508500
2022-07-27,226.75,227.77999877929688,214.5800018310547,216.47999572753906,10508400
2022-07-28,226.02000427246094,228.10000610351562,219.6699981689453,224.60000610351562,8972700
2022-07-29,224.89999389648438,230.75,222.39999389648438,223.2899932861328,9064900
2022-08-01,226.2100067138672,228.38999938964844,221.0,223.10000610351562,5525000
2022-08-02,221.4199981689453,228.1999969482422,220.8800048828125,222.75999450683594,6361300
2022-08-03,226.72999572753906,228.10000610351562,222.4199981689453,224.7899932861328,6400700
2022-08-04,229.91000366210938,232.07000732421875,225.0500030517578,227.67999267578125,7142700
2022-08-05,226.77999877929688,228.6199951171875,222.8699951171875,225.3000030517578,5539700
2022-08-08,233.49000549316406,241.9600067138672,226.41000366210938,227.49000549316406,10982100
2022-08-09,229.94000244140625,232.1999969482422,224.64999389648438,231.6199951171875,6181200
2022-08-10,244.11000061035156,244.5399932861328,236.60000610351562,236.99000549316406,9254800
2022-08-11,242.6999969482422,251.6199951171875,241.50999450683594,244.67999267578125,8780100
2022-08-12,249.3000030517578,249.41000366210938,243.75999450683594,244.80999755859375,6098500
2022-08-15,249.11000061035156,251.99000549316406,247.50999450683594,248.11000061035156,6527400
2022-08-16,245.69000244140625,249.2899932861328,244.02999877929688,247.16000366210938,5136800
2022-08-17,241.14999389648438,244.24000549316406,237.55999755859375,241.17999267578125,5627200
2022-08-18,245.1699981689453,246.47999572753906,239.27999877929688,241.9600067138672,5280400
2022-08-19,241.16000366210938,243.2899932861328,235.67999267578125,240.9499969482422,7504700
2022-08-22,226.5399932861328,233.47999572753906,224.58999633789062,232.5500030517578,8630100
2022-08-23,224.5500030517578,229.89999389648438,224.3000030517578,226.4600067138672,5276900
2022-08-24,229.61000061035156,234.10000610351562,223.94000244140625,225.66000366210938,5426300
2022-08-25,233.97999572753906,234.16000366210938,229.0,230.24000549316406,3766900
2022-08-26,223.27999877929688,236.9499969482422,223.14999389648438,233.6300048828125,5349800
2022-08-29,224.57000732421875,229.8699951171875,221.52000427246094,221.92999267578125,7109400
2022-08-30,220.64999389648438,229.7899932861328,218.74000549316406,226.66000366210938,5740400
2022-08-31,223.55999755859375,233.8800048828125,223.42999267578125,227.0,8615900
2022-09-01,230.0399932861328,230.3699951171875,219.47000122070312,220.72000122070312,7292900
2022-09-02,226.11000061035156,233.8800048828125,225.0399932861328,231.02999877929688,8164900
2022-09-06,218.38999938964844,226.85000610351562,214.69000244140625,225.58999633789062,7469000
2022-09-07,228.9600067138672,229.3300018310547,218.27000427246094,220.2100067138672,8149300
2022-09-08,227.44000244140625,228.74000549316406,221.3000030517578,224.16000366210938,6737400
2022-09-09,233.57000732421875,234.77999877929688,229.6199951171875,229.6199951171875,6699600
2022-09-12,236.52999877929688,239.49000549316406,233.3699951171875,233.61000061035156,6047400
2022-09-13,218.1300048828125,227.69000244140625,217.72000122070312,226.5,8000100
2022-09-14,224.1199951171875,228.0,215.8000030517578,219.82000732421875,8230300
2022-09-15,235.3800048828125,242.2899932861328,229.10000610351562,230.47000122070312,19454100
2022-09-16,240.1300048828125,241.36000061035156,227.8300018310547,231.22000122070312,18914200
2022-09-19,243.6300048828125,245.25,235.75,245.0500030517578,17912400
2022-09-20,242.85000610351562,250.49000549316406,239.66000366210938,240.3699951171875,16037400
2022-09-21,236.8699951171875,248.3000030517578,236.67999267578125,242.6699981689453,9166800
2022-09-22,237.0500030517578,240.5,231.66000366210938,235.35000610351562,10018000
2022-09-23,226.41000366210938,236.4499969482422,221.42999267578125,235.13999938964844,11207200
2022-09-26,224.07000732421875,232.6999969482422,223.00999450683594,225.60000610351562,8234300
2022-09-27,224.36000061035156,230.63999938964844,220.72000122070312,228.6300048828125,7762200
2022-09-28,245.1999969482422,246.64999389648438,227.3800048828125,229.69000244140625,17579700
2022-09-29,239.7100067138672,246.97999572753906,235.67999267578125,241.61000061035156,18994900
2022-09-30,235.44000244140625,242.44000244140625,233.25999450683594,237.0,11848600
2022-10-03,239.0399932861328,241.5399932861328,232.85000610351562,237.85000610351562,8657400
2022-10-04,240.74000549316406,245.8000030517578,233.25,244.83999633789062,13925900
2022-10-05,236.72999572753906,241.58999633789062,227.3800048828125,238.75999450683594,10825600
2022-10-06,240.02000427246094,244.27999877929688,233.91000366210938,236.67999267578125,9188900
2022-10-07,224.75,237.3300018310547,224.27999877929688,235.77000427246094,9806100
2022-10-10,229.97999572753906,233.8300018310547,224.22999572753906,225.63999938964844,9991100
2022-10-11,214.2899932861328,230.44000244140625,213.6999969482422,226.0500030517578,15282400
2022-10-12,220.8699951171875,223.6699981689453,212.63999938964844,214.3000030517578,12952600
2022-10-13,232.50999450683594,234.47000122070312,211.72999572753906,212.69000244140625,17505000
2022-10-14,230.0,238.8000030517578,229.50999450683594,237.8000030517578,15293400
2022-10-17,245.10000610351562,249.9199981689453,234.39999389648438,234.41000366210938,21057800
2022-10-18,240.86000061035156,250.3699951171875,237.72999572753906,249.8000030517578,25776700
2022-10-19,272.3800048828125,279.29998779296875,262.6600036621094,265.0,46685300
2022-10-20,268.1600036621094,278.3800048828125,266.3800048828125,272.7799987792969,17207100
2022-10-21,289.57000732421875,290.75,265.67999267578125,268.95001220703125,24889100
2022-10-24,282.45001220703125,290.489990234375,280.3599853515625,290.2300109863281,13326400
2022-10-25,291.0199890136719,297.5899963378906,285.54998779296875,286.95001220703125,15100700
2022-10-26,298.6199951171875,305.6300048828125,288.0400085449219,290.0400085449219,15714100
2022-10-27,296.94000244140625,305.2099914550781,294.7799987792969,298.3299865722656,14612600
2022-10-28,295.7200012207031,301.19000244140625,292.2900085449219,297.70001220703125,9960500
2022-10-31,291.8800048828125,297.6199951171875,289.5,295.1300048828125,7505100
2022-11-01,286.75,299.70001220703125,286.4200134277344,296.1700134277344,6916400
2022-11-02,273.0,287.3299865722656,272.8399963378906,286.3999938964844,10367600
2022-11-03,269.05999755859375,276.2900085449219,268.79998779296875,271.25,7057400
2022-11-04,260.7900085449219,274.9700012207031,255.32000732421875,272.0199890136719,11124700
2022-11-07,258.6000061035156,261.1499938964844,252.08999633789062,261.05999755859375,7927000
2022-11-08,263.4599914550781,266.0799865722656,256.8800048828125,259.9200134277344,7683800
2022-11-09,254.66000366210938,260.8999938964844,254.22000122070312,259.6600036621094,7266000
2022-11-10,274.9700012207031,275.3599853515625,260.0899963378906,265.989990234375,9667300
2022-11-11,290.1300048828125,290.6600036621094,271.55999755859375,274.4700012207031,9573800
2022-11-14,299.2699890136719,311.0,288.19000244140625,290.0,17978200
2022-11-15,310.20001220703125,312.7099914550781,302.54998779296875,309.20001220703125,14626900
2022-11-16,306.0199890136719,310.489990234375,303.6099853515625,309.94000244140625,8038600
2022-11-17,295.2799987792969,299.82000732421875,291.0,294.7200012207031,9838200
2022-11-18,287.9800109863281,298.0,287.0,297.3299865722656,8400100
2022-11-21,285.04998779296875,291.8699951171875,282.6600036621094,291.0,7256500
2022-11-22,286.69000244140625,286.9800109863281,277.3399963378906,284.989990234375,6245100
2022-11-23,291.5,292.4700012207031,283.760009765625,285.9100036621094,5919000
2022-11-25,285.5400085449219,289.2099914550781,284.1700134277344,289.0,3236000
2022-11-28,281.1700134277344,289.54998779296875,280.5299987792969,284.0,4703400
2022-11-29,280.9599914550781,282.9599914550781,275.94000244140625,282.5,5786900
2022-11-30,305.5299987792969,308.260009765625,280.4100036621094,281.3699951171875,16070100
2022-12-01,316.95001220703125,319.79998779296875,303.0299987792969,303.989990234375,14664900
2022-12-02,320.4100036621094,321.989990234375,310.0,310.489990234375,12690600
2022-12-05,312.5899963378906,322.7699890136719,310.9200134277344,316.4599914550781,8423000
2022-12-06,305.55999755859375,313.2200012207031,303.1300048828125,311.0,7195400
2022-12-07,308.4200134277344,309.6099853515625,302.1000061035156,306.5,7821600
2022-12-08,310.260009765625,312.3800048828125,304.80999755859375,309.1099853515625,7205300
2022-12-09,320.010009765625,329.0,319.5199890136719,321.45001220703125,14364000
2022-12-12,315.17999267578125,323.17999267578125,308.8500061035156,320.0,10148600
2022-12-13,320.3399963378906,332.7200012207031,317.20001220703125,328.0,10756400
2022-12-14,317.8299865722656,324.7099914550781,314.4200134277344,318.9700012207031,7543300
2022-12-15,290.4100036621094,303.3900146484375,286.54998779296875,302.1199951171875,17724600
2022-12-16,290.7099914550781,294.7200012207031,288.70001220703125,288.760009765625,14080000
2022-12-19,288.29998779296875,292.25,286.1300048828125,289.7300109863281,6163700
2022-12-20,288.19000244140625,289.2799987792969,280.80999755859375,281.239990234375,6918100
2022-12-21,297.9599914550781,300.6600036621094,286.5,289.989990234375,6376200
2022-12-22,297.75,298.8800048828125,290.80999755859375,298.0899963378906,7856200
2022-12-23,294.9599914550781,298.4599914550781,291.9100036621094,296.17999267578125,4251100
2022-12-27,284.1700134277344,293.57000732421875,282.1300048828125,293.19000244140625,5778100
2022-12-28,276.8800048828125,285.19000244140625,273.4100036621094,281.9200134277344,5964400
2022-12-29,291.1199951171875,295.5,281.010009765625,283.17999267578125,9588500
2022-12-30,294.8800048828125,295.010009765625,283.2200012207031,285.5299987792969,7566900
2023-01-03,294.95001220703125,298.3900146484375,288.70001220703125,298.05999755859375,6764000
2023-01-04,309.4100036621094,311.1400146484375,295.510009765625,298.239990234375,9345100
2023-01-05,309.70001220703125,314.17999267578125,304.54998779296875,307.0,8328400
2023-01-06,315.54998779296875,316.7699890136719,303.69000244140625,311.57000732421875,8959800
2023-01-09,315.1700134277344,321.70001220703125,313.2200012207031,316.8299865722656,6766600
2023-01-10,327.5400085449219,329.3500061035156,311.07000732421875,311.07000732421875,13072300
2023-01-11,327.260009765625,328.8800048828125,321.3500061035156,326.5,9579700
2023-01-12,330.1300048828125,332.95001220703125,323.1400146484375,332.5,10856200
2023-01-13,332.82000732421875,336.6499938964844,328.8900146484375,329.9700012207031,8286800
2023-01-17,326.2200012207031,332.5,323.6000061035156,331.0799865722656,9247000
2023-01-18,326.3299865722656,330.0799865722656,321.25,326.75,7814100
2023-01-19,315.7799987792969,324.8900146484375,313.3900146484375,322.57000732421875,18008200
2023-01-20,342.5,344.0,332.6300048828125,336.7900085449219,28430300
2023-01-23,357.4200134277344,362.25,340.6300048828125,341.7200012207031,15646900
2023-01-24,363.8299865722656,365.6499938964844,355.1400146484375,357.5299987792969,11796500
2023-01-25,367.9599914550781,368.8999938964844,358.5,360.57000732421875,7766900
2023-01-26,364.8699951171875,369.0199890136719,361.70001220703125,368.7699890136719,8256800
2023-01-27,360.7699890136719,365.9200134277344,360.5899963378906,363.20001220703125,6703500
2023-01-30,353.1099853515625,360.95001220703125,352.8599853515625,358.44000244140625,5127600
2023-01-31,353.8599853515625,355.95001220703125,348.7099914550781,349.9800109863281,5660700
2023-02-01,361.989990234375,365.3900146484375,349.9100036621094,353.8599853515625,8005200
2023-02-02,366.8900146484375,368.32000732421875,358.42999267578125,365.1600036621094,7857000
2023-02-03,365.8999938964844,379.42999267578125,359.0,359.0799865722656,9402000
2023-02-06,361.4800109863281,368.45001220703125,360.67999267578125,363.6400146484375,4994900
2023-02-07,362.95001220703125,364.17999267578125,354.17999267578125,358.510009765625,6289400
2023-02-08,366.8299865722656,368.19000244140625,358.30999755859375,360.0199890136719,6253200
2023-02-09,362.5,373.8299865722656,361.739990234375,372.4100036621094,6901100
2023-02-10,347.3599853515625,362.1400146484375,347.1400146484375,359.1600036621094,7291100
2023-02-13,358.57000732421875,359.70001220703125,344.25,349.5,7134400
2023-02-14,359.9599914550781,363.75,353.3999938964844,357.54998779296875,4624800
2023-02-15,361.4200134277344,362.8800048828125,354.239990234375,356.6300048828125,3966000
2023-02-16,350.7099914550781,361.5,350.30999755859375,355.0,5215700
2023-02-17,347.9599914550781,349.0,342.44000244140625,347.9100036621094,5294700
2023-02-21,337.5,344.1300048828125,336.4200134277344,342.8500061035156,5710300
2023-02-22,334.8800048828125,341.9100036621094,332.82000732421875,337.5,4546200
2023-02-23,323.6499938964844,331.2799987792969,314.29998779296875,331.2300109863281,13238700
2023-02-24,317.1499938964844,321.5,314.5199890136719,319.29998779296875,6830700
2023-02-27,323.0299987792969,330.0,322.1199951171875,323.8699951171875,6142600
2023-02-28,322.1300048828125,327.6199951171875,321.1700134277344,323.70001220703125,3676100
2023-03-01,313.4800109863281,326.6000061035156,312.3599853515625,321.54998779296875,4911300
2023-03-02,311.8800048828125,315.57000732421875,310.3800048828125,310.9599914550781,4911000
2023-03-03,315.17999267578125,317.489990234375,310.82000732421875,315.45001220703125,5953300
2023-03-06,312.0299987792969,323.29998779296875,311.8399963378906,317.0,5660700
2023-03-07,308.4700012207031,314.29998779296875,306.6199951171875,312.67999267578125,4553100
2023-03-08,311.7900085449219,311.8299865722656,305.75,309.2900085449219,3479500
2023-03-09,297.7799987792969,312.510009765625,294.8800048828125,312.0799865722656,7443400
2023-03-10,292.760009765625,298.7900085449219,289.0,297.8999938964844,5759300
2023-03-13,293.510009765625,299.239990234375,285.3299865722656,287.3399963378906,6292400
2023-03-14,294.94000244140625,297.45001220703125,290.30999755859375,295.9700012207031,5956700
2023-03-15,303.7900085449219,306.30999755859375,292.2799987792969,292.510009765625,9215300
2023-03-16,310.05999755859375,316.6000061035156,301.7099914550781,304.75,7903700
2023-03-17,303.5,310.760009765625,300.0,310.05999755859375,6918800
2023-03-20,305.1300048828125,307.5,296.0,299.7900085449219,5113400
2023-03-21,305.7900085449219,307.9200134277344,300.42999267578125,306.32000732421875,4886300
2023-03-22,293.8999938964844,306.45001220703125,293.5400085449219,306.30999755859375,5808000
2023-03-23,320.3699951171875,322.7799987792969,304.1400146484375,304.67999267578125,15653300
2023-03-24,328.3900146484375,331.8299865722656,320.6300048828125,320.6300048828125,12991700
2023-03-27,327.6600036621094,336.44000244140625,324.4100036621094,327.54998779296875,8625800
2023-03-28,323.5199890136719,333.32000732421875,321.2799987792969,326.05999755859375,6489400
2023-03-29,332.0299987792969,332.8500061035156,325.7300109863281,326.2900085449219,6287300
2023-03-30,338.42999267578125,343.2900085449219,335.29998779296875,340.2699890136719,7131500
2023-03-31,345.4800109863281,345.8399963378906,337.20001220703125,340.04998779296875,5610200
2023-04-03,348.2799987792969,348.5799865722656,340.3999938964844,341.8299865722656,4413700
2023-04-04,346.75,349.79998779296875,343.95001220703125,348.489990234375,3298100
2023-04-05,342.3500061035156,345.42999267578125,336.25,345.29998779296875,4205500
2023-04-06,339.3299865722656,340.4800109863281,332.6300048828125,339.3399963378906,4660500
2023-04-10,338.989990234375,339.8800048828125,333.3599853515625,335.2699890136719,2657900
2023-04-11,338.2099914550781,347.1400146484375,337.6400146484375,343.45001220703125,4044800
2023-04-12,331.0299987792969,342.79998779296875,330.0400085449219,340.80999755859375,3965400
2023-04-13,346.19000244140625,346.42999267578125,338.75,339.989990234375,7406400
2023-04-14,338.6300048828125,344.8500061035156,336.4100036621094,342.94000244140625,5350500
2023-04-17,332.7200012207031,338.3900146484375,327.5,338.0,6136000
2023-04-18,333.70001220703125,337.19000244140625,330.5,335.0,17944500
2023-04-19,323.1199951171875,325.75,316.1000061035156,324.2099914550781,22128300
2023-04-20,325.3500061035156,331.42999267578125,318.3299865722656,320.3900146484375,9947800
2023-04-21,327.9800109863281,328.2900085449219,319.5,323.0,6348000
2023-04-24,329.0199890136719,334.6600036621094,326.75,330.20001220703125,5586600
2023-04-25,322.54998779296875,328.6600036621094,321.1000061035156,328.5,5426600
2023-04-26,321.1499938964844,325.8999938964844,320.4700012207031,321.3599853515625,4623200
2023-04-27,325.8500061035156,327.45001220703125,317.44000244140625,324.29998779296875,5618800
2023-04-28,329.92999267578125,330.80999755859375,324.0,325.239990234375,4221900
2023-05-01,324.1199951171875,331.2300109863281,318.0899963378906,329.44000244140625,5341500
2023-05-02,317.54998779296875,326.07000732421875,315.6199951171875,325.0,4318600
2023-05-03,319.29998779296875,324.6199951171875,315.8500061035156,317.54998779296875,5064100
2023-05-04,320.7799987792969,323.6099853515625,317.95001220703125,319.010009765625,3879700
2023-05-05,322.760009765625,324.1499938964844,319.44000244140625,323.6099853515625,3988600
2023-05-08,331.2099914550781,332.55999755859375,322.0299987792969,322.989990234375,5488600
2023-05-09,332.1400146484375,336.32000732421875,329.739990234375,330.6700134277344,5544900
2023-05-10,335.4200134277344,337.1099853515625,329.510009765625,335.2099914550781,4289900
2023-05-11,344.760009765625,345.4700012207031,331.8399963378906,334.9800109863281,8033500
2023-05-12,339.8900146484375,348.1700134277344,337.3599853515625,344.760009765625,6079900
2023-05-15,335.8900146484375,341.8999938964844,335.5400085449219,340.6199951171875,3653000
2023-05-16,333.75,335.1700134277344,331.9100036621094,334.0,3332200
2023-05-17,339.9599914550781,341.3800048828125,329.6199951171875,331.760009765625,3958800
2023-05-18,371.2900085449219,375.8699951171875,346.3699951171875,347.25,20925200
2023-05-19,365.3599853515625,369.989990234375,363.80999755859375,369.8599853515625,7850900
2023-05-22,363.010009765625,372.010009765625,362.5,365.3599853515625,5406400
2023-05-23,355.989990234375,364.1700134277344,354.30999755859375,360.239990234375,6866100
2023-05-24,364.8500061035156,367.1499938964844,356.6300048828125,356.92999267578125,7973300
2023-05-25,359.0,367.45001220703125,357.4200134277344,359.6099853515625,6263100
2023-05-26,378.8800048828125,383.760009765625,356.0,361.1000061035156,9360400
2023-05-30,392.9800109863281,405.1099853515625,385.7900085449219,397.4800109863281,10865000
2023-05-31,395.2300109863281,396.260009765625,388.9100036621094,391.8900146484375,6988000
2023-06-01,403.1300048828125,407.5199890136719,393.0799865722656,397.4100036621094,7160100
2023-06-02,400.4700012207031,406.5799865722656,395.8999938964844,402.8900146484375,5897300
2023-06-05,403.5400085449219,413.8599853515625,400.1499938964844,400.4700012207031,7247400
2023-06-06,399.2900085449219,405.1199951171875,396.92999267578125,405.0,4991500
2023-06-07,399.7699890136719,418.95001220703125,399.2300109863281,410.42999267578125,11932400
2023-06-08,409.3699951171875,409.5400085449219,396.3399963378906,399.7699890136719,5991100
2023-06-09,420.0199890136719,425.8999938964844,414.760009765625,424.5,12363000
2023-06-12,423.9700012207031,424.70001220703125,416.57000732421875,418.8299865722656,5959500
2023-06-13,435.7300109863281,437.2699890136719,428.3999938964844,430.010009765625,7820500
2023-06-14,440.8599853515625,447.3299865722656,433.5,434.989990234375,8413100
2023-06-15,445.2699890136719,448.6499938964844,439.5,444.1000061035156,7099900
2023-06-16,431.9599914550781,447.510009765625,430.8999938964844,446.1499938964844,8745500
2023-06-20,434.70001220703125,440.0,430.0,430.17999267578125,4756000
2023-06-21,424.45001220703125,434.54998779296875,422.5400085449219,432.6499938964844,5146400
2023-06-22,422.4800109863281,424.7099914550781,418.67999267578125,422.92999267578125,4869500
2023-06-23,424.0199890136719,425.82000732421875,417.7300109863281,418.5899963378906,8293900
2023-06-26,415.94000244140625,430.9599914550781,414.8999938964844,422.44000244140625,4640000
2023-06-27,417.0799865722656,420.8800048828125,411.5,417.3900146484375,4818100
2023-06-28,429.8399963378906,437.2900085449219,422.8900146484375,423.1000061035156,8811300
2023-06-29,428.239990234375,437.8500061035156,426.1499938964844,434.3299865722656,4932300
2023-06-30,440.489990234375,444.1199951171875,431.1000061035156,431.1000061035156,7342000
2023-07-03,441.44000244140625,441.54998779296875,431.6199951171875,439.760009765625,3733200
2023-07-05,445.8999938964844,450.9700012207031,439.6199951171875,444.9100036621094,6869500
2023-07-06,438.8399963378906,442.79998779296875,430.7200012207031,440.0,4938800
2023-07-07,438.1000061035156,442.3299865722656,435.8399963378906,438.6000061035156,4160100
2023-07-10,441.7099914550781,444.4100036621094,436.82000732421875,438.5199890136719,4251700
2023-07-11,440.2099914550781,440.79998779296875,431.0400085449219,438.6499938964844,4574600
2023-07-12,444.04998779296875,445.4100036621094,437.75,444.54998779296875,5731700
2023-07-13,450.3800048828125,451.6700134277344,441.17999267578125,447.0,6157500
2023-07-14,441.9100036621094,456.4800109863281,439.70001220703125,452.7900085449219,7184900
2023-07-17,450.04998779296875,456.67999267578125,445.1099853515625,445.57000732421875,6891700
2023-07-18,474.79998779296875,478.1499938964844,448.7799987792969,451.0,13196900
2023-07-19,477.5899963378906,485.0,470.0,476.8599853515625,20996500
2023-07-20,437.4200134277344,448.5,432.0,447.0,23989700
2023-07-21,427.5,438.239990234375,423.19000244140625,437.3699951171875,17303700
2023-07-24,428.3699951171875,428.6400146484375,419.19000244140625,425.0,8264400
2023-07-25,427.70001220703125,430.8800048828125,426.1300048828125,427.17999267578125,4859800
2023-07-26,422.6700134277344,425.260009765625,415.5899963378906,424.20001220703125,6009200
2023-07-27,413.1700134277344,427.5199890136719,411.8800048828125,426.8999938964844,6594500
2023-07-28,425.7799987792969,427.4700012207031,413.760009765625,415.55999755859375,6424200
2023-07-31,438.9700012207031,439.1300048828125,426.29998779296875,426.510009765625,6587600
2023-08-01,438.6199951171875,445.25,431.3999938964844,437.3699951171875,5711500
2023-08-02,429.70001220703125,435.55999755859375,426.55999755859375,435.2300109863281,4912200
2023-08-03,431.0,441.92999267578125,427.19000244140625,427.79998779296875,6243900
2023-08-04,431.6000061035156,436.5,426.2699890136719,433.05999755859375,5439700
2023-08-07,440.760009765625,441.1099853515625,428.9100036621094,436.4599914550781,4781300
2023-08-08,438.29998779296875,443.57000732421875,435.1000061035156,440.3599853515625,3767200
2023-08-09,428.8999938964844,440.6199951171875,427.5899963378906,439.739990234375,3846600
2023-08-10,429.9800109863281,438.1199951171875,428.69000244140625,431.1199951171875,5467600
2023-08-11,421.6600036621094,430.6300048828125,421.3299865722656,428.9800109863281,3925200
2023-08-14,427.7799987792969,428.8500061035156,418.7799987792969,421.989990234375,3966000
2023-08-15,423.70001220703125,429.1199951171875,421.0400085449219,424.4100036621094,3368000
2023-08-16,415.45001220703125,424.510009765625,415.25,423.7300109863281,3967000
2023-08-17,403.0,415.239990234375,401.5799865722656,415.0,6031500
2023-08-18,404.5299987792969,406.5199890136719,398.1499938964844,399.3299865722656,4309200
2023-08-21,408.2900085449219,409.6099853515625,399.5,402.2300109863281,3861600
2023-08-22,413.1700134277344,415.739990234375,407.3999938964844,409.0,3603300
2023-08-23,427.54998779296875,437.0199890136719,417.7099914550781,418.3999938964844,8174700
2023-08-24,406.92999267578125,427.5899963378906,406.1700134277344,425.4100036621094,5687800
2023-08-25,416.0299987792969,419.25,407.55999755859375,412.0,5390900
2023-08-28,418.05999755859375,419.8299865722656,413.2699890136719,418.0400085449219,2928600
2023-08-29,429.989990234375,432.1700134277344,414.5,416.0,4486700
2023-08-30,434.6700134277344,438.1600036621094,428.3500061035156,430.8500061035156,3625400
2023-08-31,433.67999267578125,437.1499938964844,431.2300109863281,431.2300109863281,3803000
2023-09-01,439.8800048828125,445.5,435.92999267578125,437.7300109863281,4792100
2023-09-05,448.67999267578125,453.45001220703125,438.0,438.3900146484375,6155900
2023-09-06,445.760009765625,451.3900146484375,440.489990234375,448.6099853515625,3862300
2023-09-07,443.1400146484375,444.6000061035156,436.70001220703125,441.1499938964844,2922700
2023-09-08,442.79998779296875,446.80999755859375,438.8500061035156,443.55999755859375,2697500
2023-09-11,445.3599853515625,449.8900146484375,442.75,443.07000732421875,2913800
2023-09-12,434.69000244140625,445.44000244140625,434.1199951171875,442.8500061035156,3124000
2023-09-13,412.239990234375,438.3999938964844,410.69000244140625,435.5,11843000
2023-09-14,400.489990234375,411.3900146484375,400.0,410.3999938964844,10709000
2023-09-15,396.94000244140625,404.70001220703125,395.0299987792969,401.0,9110700
2023-09-18,394.3999938964844,399.4700012207031,392.6000061035156,395.5,4704700
2023-09-19,396.20001220703125,398.2300109863281,390.25,392.8399963378906,4076800
2023-09-20,386.29998779296875,397.989990234375,386.1199951171875,397.04998779296875,3866600
2023-09-21,384.1499938964844,395.8999938964844,383.4200134277344,386.5,5547900
2023-09-22,379.80999755859375,386.8800048828125,378.3599853515625,385.0,3692800
2023-09-25,384.79998779296875,386.6199951171875,380.80999755859375,382.8999938964844,3757300
2023-09-26,379.25,384.55999755859375,377.3599853515625,382.8800048828125,4089400
2023-09-27,377.5899963378906,384.2200012207031,376.25,382.3999938964844,3843500
2023-09-28,376.3599853515625,378.9599914550781,371.1000061035156,375.6000061035156,4369900
2023-09-29,377.6000061035156,382.5799865722656,375.3500061035156,380.0,4198700
2023-10-02,380.3299865722656,384.80999755859375,376.79998779296875,377.4800109863281,3102100
2023-10-03,376.75,394.8999938964844,372.8500061035156,377.1099853515625,8878100
2023-10-04,376.8999938964844,380.2200012207031,373.5799865722656,376.5,4303700
2023-10-05,372.5899963378906,378.6000061035156,367.239990234375,378.010009765625,5034800
2023-10-06,381.510009765625,382.5199890136719,367.7699890136719,368.42999267578125,4773400
2023-10-09,385.95001220703125,387.1700134277344,377.760009765625,378.04998779296875,3299800
2023-10-10,373.32000732421875,388.70001220703125,372.25,385.5799865722656,7288900
2023-10-11,365.92999267578125,377.80999755859375,365.3399963378906,372.7799987792969,9151400
2023-10-12,361.20001220703125,368.8299865722656,359.04998779296875,366.4800109863281,7376100
2023-10-13,355.67999267578125,358.92999267578125,352.04998779296875,355.6400146484375,6312600
2023-10-16,360.82000732421875,363.0799865722656,354.7699890136719,356.2099914550781,5128900
2023-10-17,355.7200012207031,362.70001220703125,353.8900146484375,361.1000061035156,5908400
2023-10-18,346.19000244140625,354.7900085449219,344.7300109863281,351.0,11429600
2023-10-19,401.7699890136719,408.95001220703125,392.260009765625,404.739990234375,28074400
2023-10-20,400.9599914550781,410.6400146484375,398.010009765625,405.6300048828125,12768900
2023-10-23,406.8399963378906,407.5400085449219,398.5199890136719,403.32000732421875,7390000
2023-10-24,413.7300109863281,416.69000244140625,408.3900146484375,409.67999267578125,6459200
2023-10-25,411.25,418.8399963378906,410.1099853515625,416.0199890136719,6299600
2023-10-26,403.5400085449219,417.30999755859375,401.5400085449219,411.4200134277344,6849700
2023-10-27,397.8699951171875,410.2099914550781,395.6199951171875,406.4200134277344,4997600
2023-10-30,410.0799865722656,412.82000732421875,399.4100036621094,402.3500061035156,5317100
2023-10-31,411.69000244140625,412.5199890136719,404.6300048828125,409.239990234375,3877600
2023-11-01,420.19000244140625,420.6000061035156,414.17999267578125,414.7699890136719,4806100
2023-11-02,424.7099914550781,426.69000244140625,417.1000061035156,421.1700134277344,4476000
2023-11-03,432.3599853515625,434.82000732421875,425.5299987792969,428.760009765625,3664800
2023-11-06,434.739990234375,435.0299987792969,429.6099853515625,434.3800048828125,3003200
2023-11-07,434.6099853515625,437.6400146484375,431.0,436.17999267578125,3291100
2023-11-08,436.6499938964844,438.07000732421875,433.67999267578125,435.0,2356800
2023-11-09,435.1499938964844,440.3800048828125,434.3500061035156,438.0299987792969,2735500
2023-11-10,447.239990234375,447.4800109863281,435.510009765625,437.4800109863281,4440600
2023-11-13,444.6199951171875,448.42999267578125,442.6000061035156,447.25,2896100
2023-11-14,448.6499938964844,454.0799865722656,445.6400146484375,448.7799987792969,4060900
2023-11-15,461.94000244140625,462.75,452.45001220703125,452.80999755859375,5035300
2023-11-16,466.95001220703125,467.2799987792969,459.6499938964844,463.0,3656000
2023-11-17,465.9100036621094,467.6499938964844,462.760009765625,466.95001220703125,2798500
2023-11-20,474.4700012207031,476.760009765625,465.3999938964844,465.3999938964844,3617600
2023-11-21,474.95001220703125,477.0199890136719,471.2099914550781,472.6300048828125,2997700
2023-11-22,478.0,482.70001220703125,476.55999755859375,476.79998779296875,2841600
2023-11-24,479.55999755859375,480.3999938964844,475.20001220703125,477.1099853515625,1404700
2023-11-27,479.1700134277344,482.0,475.3500061035156,479.0299987792969,3625900
2023-11-28,479.0,480.5,475.95001220703125,478.1099853515625,2890200
2023-11-29,477.19000244140625,480.989990234375,474.489990234375,479.0,2855500
2023-11-30,473.9700012207031,478.5899963378906,470.4200134277344,475.30999755859375,4287300
2023-12-01,465.739990234375,475.2300109863281,464.6000061035156,473.1700134277344,4338100
2023-12-04,453.8999938964844,461.20001220703125,451.20001220703125,460.989990234375,5157700
2023-12-05,455.1499938964844,456.3900146484375,449.5799865722656,450.70001220703125,3380700
2023-12-06,446.7300109863281,460.5,445.7300109863281,460.0,4178800
2023-12-07,452.0,452.8900146484375,448.32000732421875,450.8500061035156,3506700
2023-12-08,453.760009765625,455.5,450.760009765625,450.760009765625,3456100
2023-12-11,459.8900146484375,470.6499938964844,457.2099914550781,459.3599853515625,4929700
2023-12-12,463.0,465.6099853515625,459.20001220703125,465.2300109863281,3302700
2023-12-13,479.9800109863281,481.25,461.9800109863281,461.9800109863281,5820200
2023-12-14,469.8299865722656,480.760009765625,464.760009765625,480.3599853515625,5176400
2023-12-15,472.05999755859375,473.0,467.29998779296875,467.29998779296875,7838300
2023-12-18,486.1199951171875,492.0400085449219,475.1000061035156,476.29998779296875,6410700
2023-12-19,495.0199890136719,496.1400146484375,484.05999755859375,488.3999938964844,3849000
2023-12-20,489.2699890136719,500.8900146484375,488.3900146484375,492.0,4563700
2023-12-21,491.6099853515625,494.3999938964844,486.7699890136719,492.6600036621094,2756200
2023-12-22,486.760009765625,496.0199890136719,485.45001220703125,494.0,2701100
2023-12-26,491.19000244140625,491.4800109863281,486.3800048828125,489.3900146484375,2034500
2023-12-27,491.7900085449219,494.0199890136719,489.25,491.239990234375,2561300
2023-12-28,490.510009765625,492.8900146484375,489.07000732421875,492.0,1710500
2023-12-29,486.8800048828125,492.2300109863281,481.94000244140625,490.3699951171875,2739500
2024-01-02,468.5,484.6499938964844,461.8599853515625,483.19000244140625,5049400
2024-01-03,470.260009765625,475.04998779296875,465.7699890136719,467.32000732421875,3443700
2024-01-04,474.6700134277344,480.739990234375,466.5299987792969,472.9800109863281,3636500
2024-01-05,474.05999755859375,479.54998779296875,471.79998779296875,476.5,2612500
2024-01-08,485.0299987792969,485.239990234375,473.6499938964844,473.8900146484375,3675800
2024-01-09,482.0899963378906,485.0899963378906,473.79998779296875,475.5299987792969,3526800
2024-01-10,478.3299865722656,487.0,472.95001220703125,481.6000061035156,4342400
2024-01-11,492.2300109863281,503.4100036621094,483.82000732421875,492.5400085449219,7993300
2024-01-12,492.1600036621094,500.7900085449219,490.6099853515625,500.510009765625,4996600
2024-01-16,481.239990234375,494.1499938964844,478.0199890136719,490.0,4679000
2024-01-17,480.3299865722656,486.2099914550781,475.260009765625,484.5,4894600
2024-01-18,485.30999755859375,485.7699890136719,478.0199890136719,480.0299987792969,4054400
2024-01-19,482.95001220703125,485.6700134277344,476.05999755859375,484.9800109863281,5665600
2024-01-22,485.7099914550781,489.79998779296875,479.8999938964844,487.54998779296875,5212300
2024-01-23,492.19000244140625,498.9599914550781,481.3999938964844,492.0,15506000
2024-01-24,544.8699951171875,562.5,537.0700073242188,537.75,26432800
2024-01-25,562.0,563.4600219726562,548.4600219726562,551.9500122070312,9451900
2024-01-26,570.4199829101562,579.6400146484375,558.4299926757812,561.8099975585938,12770600
2024-01-29,575.7899780273438,578.5499877929688,562.6799926757812,571.3499755859375,6905400
2024-01-30,562.8499755859375,570.8800048828125,560.8200073242188,567.3200073242188,6181800
2024-01-31,564.1099853515625,572.1500244140625,562.0399780273438,562.8499755859375,4857600
2024-02-01,567.510009765625,572.6599731445312,563.8300170898438,567.02001953125,3174000
2024-02-02,564.6400146484375,567.7999877929688,562.3699951171875,564.52001953125,4030800
2024-02-05,562.0599975585938,575.75,557.2000122070312,562.469970703125,4143100
2024-02-06,555.8800048828125,566.3400268554688,554.3699951171875,564.1199951171875,2840300
2024-02-07,559.2999877929688,567.7999877929688,554.97998046875,558.1599731445312,4373600
2024-02-08,558.530029296875,563.7000122070312,555.739990234375,560.5499877929688,3175500
2024-02-09,561.3200073242188,566.0,558.0999755859375,565.0,3055700
2024-02-12,557.8499755859375,568.4400024414062,557.0,560.3599853515625,3608500
2024-02-13,554.52001953125,559.2000122070312,549.0,550.7999877929688,3511500
2024-02-14,579.3300170898438,581.25,564.3400268554688,567.260009765625,5634200
2024-02-15,593.4600219726562,593.77001953125,580.3200073242188,581.9099731445312,5220900
2024-02-16,583.9500122070312,597.0,577.4600219726562,596.9500122070312,4323600
2024-02-20,575.1300048828125,586.0,569.6599731445312,580.1799926757812,3124200
2024-02-21,573.3499755859375,575.780029296875,567.3200073242188,573.510009765625,2281100
2024-02-22,588.469970703125,590.8499755859375,578.8900146484375,582.75,3526600
2024-02-23,583.5599975585938,592.4299926757812,579.8200073242188,586.4000244140625,2568900
2024-02-26,587.6500244140625,590.75,583.27001953125,583.5599975585938,2393700
2024-02-27,601.6699829101562,605.3599853515625,592.3300170898438,595.0,4489400
2024-02-28,596.47998046875,598.1699829101562,590.010009765625,595.7899780273438,2605200
2024-02-29,602.9199829101562,604.52001953125,595.1599731445312,604.25,3572100
2024-03-01,619.3400268554688,620.280029296875,599.5,599.8099975585938,4264200
2024-03-04,615.8300170898438,624.4199829101562,615.0800170898438,621.5599975585938,3020300
2024-03-05,598.5,610.9099731445312,592.0,610.0999755859375,3849600
2024-03-06,597.6900024414062,607.9299926757812,593.5599975585938,602.989990234375,2469600
2024-03-07,608.510009765625,610.530029296875,595.9000244140625,599.3400268554688,2742800
2024-03-08,604.8200073242188,616.0900268554688,600.8400268554688,608.27001953125,2774600
2024-03-11,600.9299926757812,611.0,600.3699951171875,608.0800170898438,2500900
2024-03-12,611.0800170898438,615.2999877929688,596.27001953125,600.2100219726562,2821600
2024-03-13,609.4500122070312,614.8499755859375,607.2100219726562,613.3699951171875,2192100
2024-03-14,613.010009765625,620.7999877929688,607.3499755859375,615.0,3120500
2024-03-15,605.8800048828125,622.9199829101562,603.8200073242188,622.9199829101562,6670900
2024-03-18,618.3900146484375,627.4099731445312,610.4500122070312,613.5599975585938,3344200
2024-03-19,620.739990234375,621.280029296875,608.0,615.6199951171875,2142600
2024-03-20,627.6900024414062,629.510009765625,618.3400268554688,619.9500122070312,2639500
2024-03-21,622.7100219726562,634.3599853515625,622.3300170898438,630.6500244140625,2507700
2024-03-22,628.010009765625,629.0499877929688,621.0,624.1599731445312,2134100
2024-03-25,627.4600219726562,630.4600219726562,623.1599731445312,627.9000244140625,1803300
2024-03-26,629.239990234375,634.3900146484375,619.1799926757812,625.2000122070312,2804500
2024-03-27,613.530029296875,631.3499755859375,610.72998046875,629.010009765625,2628300
2024-03-28,607.3300170898438,615.0,601.5900268554688,614.989990234375,3708800
2024-04-01,614.3099975585938,615.1099853515625,605.5700073242188,608.0,2115900
2024-04-02,614.2100219726562,615.030029296875,605.510009765625,611.0,2029200
2024-04-03,630.0800170898438,630.4099731445312,611.5,612.75,2931200
2024-04-04,617.1400146484375,638.0,616.5800170898438,633.2100219726562,3064300
2024-04-05,636.1799926757812,637.9099731445312,622.7100219726562,624.9199829101562,3372800
2024-04-08,628.4099731445312,639.0,628.1099853515625,636.3900146484375,2145700
2024-04-09,618.2000122070312,631.989990234375,615.6300048828125,631.989990234375,2146600
2024-04-10,618.5800170898438,620.1400146484375,609.3400268554688,610.969970703125,2806200
2024-04-11,628.780029296875,631.6599731445312,617.239990234375,624.4199829101562,2662700
2024-04-12,622.8300170898438,633.1199951171875,618.9199829101562,628.22998046875,2956500
2024-04-15,607.1500244140625,630.1699829101562,603.8699951171875,630.1699829101562,3085400
2024-04-16,617.52001953125,622.4500122070312,607.5,607.5,3519100
2024-04-17,613.6900024414062,620.969970703125,607.7100219726562,620.969970703125,3312200
2024-04-18,610.5599975585938,621.3300170898438,605.4299926757812,612.0999755859375,8468400
2024-04-19,555.0399780273438,579.0,552.1599731445312,567.8800048828125,16425000
2024-04-22,554.5999755859375,558.6099853515625,542.010009765625,550.6599731445312,8597700
2024-04-23,577.75,579.2100219726562,555.280029296875,556.489990234375,4975500
2024-04-24,555.1199951171875,576.9099731445312,551.2999877929688,574.3099975585938,5355300
2024-04-25,564.7999877929688,566.5399780273438,545.7100219726562,549.4600219726562,3807100
2024-04-26,561.22998046875,562.9199829101562,553.1900024414062,558.2100219726562,4332600
2024-04-29,559.489990234375,559.6400146484375,554.239990234375,559.1799926757812,2508900
2024-04-30,550.6400146484375,560.0,549.3800048828125,560.0,3361500
2024-05-01,551.7100219726562,560.3900146484375,544.25,547.8400268554688,3473200
2024-05-02,565.1500244140625,565.4600219726562,555.5900268554688,556.02001953125,3068200
2024-05-03,579.3400268554688,580.260009765625,565.1599731445312,566.0,3307500
2024-05-06,596.969970703125,597.3400268554688,580.25,581.8200073242188,3686300
2024-05-07,606.0,606.0499877929688,591.3200073242188,596.280029296875,3614100
2024-05-08,609.469970703125,618.219970703125,601.6300048828125,601.6300048828125,3093900
2024-05-09,612.0900268554688,615.719970703125,605.75,614.4000244140625,2065400
2024-05-10,610.8699951171875,623.97998046875,605.0599975585938,619.0,2653600
2024-05-13,616.5900268554688,618.219970703125,606.8300170898438,614.2999877929688,2086200
2024-05-14,613.6599731445312,621.47998046875,608.4000244140625,615.1699829101562,2792400
2024-05-15,613.52001953125,624.0999755859375,609.0999755859375,618.5700073242188,5670600
2024-05-16,610.52001953125,618.3400268554688,609.0900268554688,615.75,3056400
2024-05-17,621.0999755859375,625.7899780273438,614.7100219726562,617.0,3782700
2024-05-20,640.8200073242188,644.3699951171875,619.52001953125,620.4000244140625,3857900
2024-05-21,650.6099853515625,650.8800048828125,634.219970703125,636.760009765625,2920200
2024-05-22,640.469970703125,649.25,638.1199951171875,647.1400146484375,2176200
2024-05-23,635.6699829101562,642.7100219726562,630.0,642.3400268554688,2313900
2024-05-24,646.75,652.0,637.5999755859375,639.4000244140625,2613300
2024-05-28,649.0,649.75,643.030029296875,647.0499877929688,2609500
2024-05-29,654.6199951171875,664.25,643.8900146484375,644.1300048828125,3695900
2024-05-30,647.6599731445312,656.489990234375,644.72998046875,653.52001953125,2393400
2024-05-31,641.6199951171875,648.5800170898438,628.2999877929688,644.010009765625,4071000
2024-06-03,633.7899780273438,646.780029296875,627.27001953125,645.219970703125,2323500
2024-06-04,631.6199951171875,635.22998046875,626.4400024414062,633.780029296875,3008200
2024-06-05,650.27001953125,651.25,628.25,634.02001953125,2682600
2024-06-06,648.52001953125,657.989990234375,644.239990234375,644.8900146484375,2466700
2024-06-07,641.469970703125,650.4000244140625,640.239990234375,649.3800048828125,1876600
2024-06-10,644.5,644.7899780273438,635.5900268554688,641.010009765625,2066800
2024-06-11,648.5499877929688,650.1900024414062,640.52001953125,640.719970703125,2167400
2024-06-12,650.0599975585938,655.780029296875,643.1099853515625,652.2100219726562,2094400
2024-06-13,653.260009765625,655.25,642.3499755859375,644.0,1863600
2024-06-14,669.3800048828125,675.5800170898438,652.6400146484375,655.0499877929688,4447100
2024-06-17,675.8300170898438,682.7100219726562,665.1099853515625,669.1099853515625,3631200
2024-06-18,685.6699829101562,687.0599975585938,674.6400146484375,675.6300048828125,2943800
2024-06-20,679.030029296875,689.8800048828125,673.719970703125,681.7999877929688,2585100
2024-06-21,686.1199951171875,686.9000244140625,678.0999755859375,683.260009765625,4557100
2024-06-24,669.02001953125,685.5,664.5,685.0,3916300
2024-06-25,672.4099731445312,673.6699829101562,662.2999877929688,673.4400024414062,2278800
2024-06-26,677.6900024414062,682.9600219726562,670.02001953125,672.4099731445312,3545800
2024-06-27,684.3400268554688,688.5700073242188,678.1400146484375,679.3499755859375,2404800
2024-06-28,674.8800048828125,687.0,673.0800170898438,679.0,3412400
2024-07-01,673.6099853515625,675.02001953125,663.780029296875,674.8900146484375,2212800
2024-07-02,679.5800170898438,681.739990234375,670.0700073242188,673.5399780273438,2411400
2024-07-03,682.510009765625,683.75,675.5,677.47998046875,1403500
2024-07-05,690.6500244140625,697.489990234375,677.22998046875,682.510009765625,2659100
2024-07-08,685.739990234375,688.8599853515625,681.489990234375,687.0,1930800
2024-07-09,685.739990234375,695.27001953125,684.719970703125,690.0,2596100
2024-07-10,677.6500244140625,687.219970703125,673.1599731445312,685.02001953125,2651900
2024-07-11,652.75,672.489990234375,647.4400024414062,672.489990234375,5106600
2024-07-12,647.5999755859375,655.9199829101562,643.7100219726562,652.75,3355200
2024-07-15,656.4500122070312,667.5399780273438,646.6300048828125,647.5,3208800
2024-07-16,656.3200073242188,663.6799926757812,649.1300048828125,661.7999877929688,2685700
2024-07-17,647.4600219726562,650.4500122070312,639.469970703125,650.0,4017300
2024-07-18,643.0399780273438,657.0399780273438,639.1699829101562,656.5999755859375,7575800
2024-07-19,633.3400268554688,678.969970703125,629.1199951171875,660.6400146484375,9815600
2024-07-22,647.5,656.2899780273438,632.5999755859375,639.5,5219100
2024-07-23,642.760009765625,649.9099731445312,641.0,647.5,2463600
2024-07-24,635.989990234375,652.4199829101562,632.6699829101562,635.739990234375,4888200
2024-07-25,634.0900268554688,649.97998046875,621.7000122070312,641.0,4554500
2024-07-26,631.3699951171875,646.989990234375,629.77001953125,645.0,3120700
2024-07-29,626.9600219726562,634.6099853515625,623.9299926757812,634.6099853515625,2400500
2024-07-30,622.5800170898438,634.6900024414062,617.0,630.1699829101562,3496600
2024-07-31,628.3499755859375,633.5999755859375,622.5800170898438,626.5700073242188,3134900
2024-08-01,624.8499755859375,646.7100219726562,617.6099853515625,629.25,3720600
2024-08-02,613.6400146484375,625.27001953125,608.3499755859375,620.97998046875,3523000
2024-08-05,598.5499877929688,604.5599975585938,587.0399780273438,587.0399780273438,4044200
2024-08-06,609.5700073242188,622.4500122070312,600.6199951171875,600.6199951171875,4319100
2024-08-07,611.47998046875,632.0,610.6400146484375,616.0700073242188,3187800
2024-08-08,630.3499755859375,632.2899780273438,616.02001953125,621.989990234375,3283500
2024-08-09,633.9400024414062,636.6199951171875,622.989990234375,622.989990234375,1980800
2024-08-12,633.1400146484375,639.0,627.0700073242188,631.0,2331700
2024-08-13,648.02001953125,650.969970703125,635.5,638.5599975585938,2639600
2024-08-14,661.6799926757812,663.5700073242188,648.7000122070312,648.7000122070312,4014300
2024-08-15,663.219970703125,673.1900024414062,659.7999877929688,668.489990234375,3210200
2024-08-16,674.0700073242188,680.22998046875,665.3599853515625,669.4299926757812,3511000
2024-08-19,688.530029296875,688.8400268554688,672.9099731445312,674.0700073242188,3016200
2024-08-20,698.5399780273438,711.3300170898438,688.25,688.8599853515625,4813100
2024-08-21,697.1199951171875,701.0,691.3800048828125,697.0,2235300
2024-08-22,688.9600219726562,701.5,686.239990234375,691.0,2729400
2024-08-23,686.72998046875,696.0700073242188,678.6300048828125,694.1300048828125,2354500
2024-08-26,688.4400024414062,690.5900268554688,681.6400146484375,687.260009765625,1354200
2024-08-27,695.719970703125,707.8900146484375,686.9199829101562,688.530029296875,3164900
2024-08-28,683.8400268554688,696.6699829101562,677.0999755859375,695.8300170898438,2430600
2024-08-29,692.47998046875,699.7999877929688,686.0700073242188,690.0,2187000
2024-08-30,701.3499755859375,701.8599853515625,688.1599731445312,700.3599853515625,3266700
2024-09-03,675.3200073242188,703.8599853515625,671.010009765625,700.0999755859375,3161000
2024-09-04,679.6799926757812,684.6500244140625,673.0599975585938,673.3099975585938,1785300
2024-09-05,683.6199951171875,687.3099975585938,671.8599853515625,673.1400146484375,1810100
2024-09-06,665.77001953125,683.1500244140625,662.3400268554688,681.8599853515625,2991300
2024-09-09,675.4199829101562,683.5,672.1400146484375,674.0,2683100
2024-09-10,673.6199951171875,680.5900268554688,665.8099975585938,676.8699951171875,2079200
2024-09-11,681.469970703125,682.969970703125,660.7999877929688,677.4600219726562,2391900
2024-09-12,686.7999877929688,694.8800048828125,682.2000122070312,684.9199829101562,2588400
2024-09-13,697.0599975585938,699.6400146484375,680.0,680.010009765625,2276500
2024-09-16,696.5,703.02001953125,688.6300048828125,700.0,1843700
2024-09-17,706.9099731445312,707.6300048828125,698.3699951171875,700.8200073242188,2298600
2024-09-18,690.469970703125,707.5499877929688,688.0,707.5499877929688,2984400
2024-09-19,704.3200073242188,715.6599731445312,695.3699951171875,705.0,4228500
2024-09-20,701.030029296875,706.6699829101562,696.3099975585938,705.5499877929688,3998100
2024-09-23,705.3699951171875,712.25,699.1599731445312,702.3900146484375,3224300
2024-09-24,722.260009765625,722.4400024414062,704.4500122070312,706.6300048828125,3565700
2024-09-25,721.5599975585938,725.1199951171875,716.2100219726562,721.0,2259800
2024-09-26,711.4299926757812,725.260009765625,701.719970703125,724.72998046875,2833000
2024-09-27,707.3499755859375,710.7100219726562,701.25,708.3599853515625,2395600
2024-09-30,709.27001953125,711.2100219726562,702.8200073242188,707.0,1709900
2024-10-01,706.1300048828125,717.760009765625,698.5900268554688,713.6400146484375,2813500
2024-10-02,711.0900268554688,716.2100219726562,704.6900024414062,706.1300048828125,1758200
2024-10-03,706.7999877929688,708.8099975585938,700.0,704.260009765625,2256400
2024-10-04,719.7000122070312,721.010009765625,708.8200073242188,713.3200073242188,2229000
2024-10-07,701.9199829101562,715.8800048828125,696.4299926757812,714.760009765625,3360500
2024-10-08,721.760009765625,725.0599975585938,703.5499877929688,703.8800048828125,3187400
2024-10-09,727.4299926757812,728.5900268554688,718.8699951171875,719.25,1981100
2024-10-10,730.2899780273438,733.8499755859375,722.5,723.2899780273438,2767900
2024-10-11,722.7899780273438,736.0,721.219970703125,734.9000244140625,2299500
2024-10-14,713.0,726.6199951171875,711.3099975585938,725.0,2797100
2024-10-15,705.97998046875,713.4000244140625,699.780029296875,712.510009765625,2932800
2024-10-16,702.0,705.5900268554688,697.8200073242188,703.4299926757812,2494300
2024-10-17,687.6500244140625,704.4099731445312,677.8800048828125,704.3499755859375,8926700
2024-10-18,763.8900146484375,766.280029296875,736.22998046875,737.6400146484375,15974100
2024-10-21,772.0700073242188,773.0,756.5999755859375,765.760009765625,6057100
2024-10-22,764.239990234375,769.7000122070312,761.1199951171875,765.27001953125,2987300
2024-10-23,749.2899780273438,763.7899780273438,744.260009765625,762.8300170898438,3749000
2024-10-24,754.5499877929688,755.8200073242188,746.25,751.969970703125,2643000
2024-10-25,754.6799926757812,768.5,753.530029296875,756.1699829101562,2819500
2024-10-28,749.1199951171875,758.6799926757812,747.8800048828125,758.6799926757812,2862400
2024-10-29,759.4400024414062,763.8800048828125,748.010009765625,751.1300048828125,3660400
2024-10-30,753.739990234375,759.7899780273438,752.280029296875,758.0800170898438,1722000
2024-10-31,756.030029296875,760.7899780273438,752.22998046875,753.9299926757812,3057700
2024-11-01,756.0999755859375,763.7999877929688,747.77001953125,753.47998046875,2996800
2024-11-04,755.510009765625,762.47998046875,749.6900024414062,753.1400146484375,1902200
2024-11-05,763.9099731445312,767.530029296875,756.27001953125,757.3499755859375,2200600
2024-11-06,780.2100219726562,781.489990234375,757.3800048828125,771.5,3690800
2024-11-07,796.5399780273438,798.219970703125,779.9400024414062,781.3699951171875,3295100
2024-11-08,795.0399780273438,799.0599975585938,788.6500244140625,797.3599853515625,1910600
2024-11-11,805.4400024414062,806.8200073242188,795.5700073242188,795.9000244140625,2399200
2024-11-12,819.5,820.3699951171875,803.75,807.5,2814100
2024-11-13,830.469970703125,836.989990234375,820.5399780273438,822.6199951171875,2767800
2024-11-14,837.260009765625,841.0,830.02001953125,833.6699829101562,3038200
2024-11-15,823.9600219726562,832.0399780273438,816.489990234375,832.0399780273438,3673700
2024-11-18,847.0499877929688,848.4500122070312,809.3300170898438,815.5,4084100
2024-11-19,871.3200073242188,874.489990234375,839.1599731445312,839.75,3814200
2024-11-20,883.8499755859375,890.5999755859375,868.4000244140625,879.97998046875,4093800
2024-11-21,897.47998046875,908.0,877.239990234375,883.9299926757812,4511300
2024-11-22,897.7899780273438,906.0,893.0,896.0,3214000
2024-11-25,865.5900268554688,902.0499877929688,864.219970703125,902.0499877929688,6014200
2024-11-26,872.5999755859375,886.3599853515625,867.25,867.489990234375,3138300
2024-11-27,877.3400268554688,880.9500122070312,858.9099731445312,872.0599975585938,2578200
2024-11-29,886.8099975585938,892.4099731445312,876.6799926757812,882.1699829101562,2027200
2024-12-02,897.739990234375,902.3400268554688,884.1199951171875,887.510009765625,2389000
2024-12-03,902.1699829101562,902.6900024414062,888.030029296875,894.3599853515625,2401600
2024-12-04,911.0599975585938,915.969970703125,898.0499877929688,898.0499877929688,2689600
2024-12-05,917.8699951171875,927.0,911.1099853515625,917.8499755859375,2835300
2024-12-06,934.739990234375,935.27001953125,912.7100219726562,915.22998046875,2955400
2024-12-09,913.6900024414062,930.2999877929688,902.5900268554688,928.0,3350100
2024-12-10,913.3499755859375,922.8800048828125,909.5800170898438,913.760009765625,2388600
2024-12-11,936.5599975585938,941.75,923.0800170898438,924.7100219726562,3501700
2024-12-12,925.5499877929688,934.0900268554688,922.5999755859375,933.3499755859375,2486200
2024-12-13,918.8699951171875,925.5499877929688,909.6099853515625,916.8099975585938,2485800
2024-12-16,921.0800170898438,928.9400024414062,919.5,923.9400024414062,2674900
2024-12-17,919.1300048828125,928.4500122070312,916.4199829101562,921.5399780273438,2459500
2024-12-18,889.5499877929688,922.4400024414062,886.5599975585938,919.1300048828125,2938200
2024-12-19,902.0399780273438,912.6199951171875,899.0,908.1799926757812,2815500
2024-12-20,909.0499877929688,919.9199829101562,890.489990234375,893.2100219726562,4530500
2024-12-23,911.4500122070312,915.0,899.0999755859375,913.4199829101562,2339400
2024-12-24,932.1199951171875,935.8499755859375,911.7000122070312,915.0,2320300
2024-12-26,924.1400146484375,930.489990234375,915.2999877929688,928.4000244140625,2340300
2024-12-27,907.5499877929688,918.1300048828125,894.5,916.010009765625,3226200
2024-12-30,900.4299926757812,908.22998046875,889.7100219726562,894.510009765625,2203000
2024-12-31,891.3200073242188,902.6799926757812,889.469970703125,901.7999877929688,1875900
2025-01-02,886.72998046875,898.5800170898438,877.0,895.5,2312300
2025-01-03,881.0499877929688,898.8300170898438,879.8900146484375,893.1300048828125,2967300
2025-01-06,881.7899780273438,892.8300170898438,871.6900024414062,888.760009765625,3457700
2025-01-07,879.1900024414062,888.0,869.1099853515625,879.3800048828125,2649800
2025-01-08,875.0,886.219970703125,873.0,880.0,2347900
2025-01-10,837.6900024414062,866.4099731445312,834.4000244140625,866.4000244140625,4803300
2025-01-13,840.2899780273438,847.0700073242188,829.1400146484375,831.530029296875,3024500
2025-01-14,828.4000244140625,844.8900146484375,823.52001953125,843.2000122070312,3037700
2025-01-15,848.260009765625,850.8400268554688,830.4099731445312,836.4400024414062,3181400
2025-01-16,842.3699951171875,868.97998046875,842.02001953125,860.9600219726562,4028500
2025-01-17,858.0999755859375,865.0,852.1300048828125,859.7899780273438,3617600
2025-01-21,869.6799926757812,916.4000244140625,854.75,863.530029296875,9851400
2025-01-22,953.989990234375,999.0,950.760009765625,998.030029296875,14273200
2025-01-23,984.8599853515625,985.0,953.9000244140625,957.8099975585938,7752100
2025-01-24,977.5900268554688,986.280029296875,967.6799926757812,984.4099731445312,4550400
2025-01-27,971.8900146484375,982.27001953125,960.260009765625,971.0999755859375,4634200
2025-01-28,971.8300170898438,977.9299926757812,957.2999877929688,966.7100219726562,3434000
2025-01-29,978.1500244140625,987.6400146484375,968.22998046875,980.0,2930700
2025-01-30,973.239990234375,994.5900268554688,970.010009765625,986.75,3867800
2025-01-31,976.760009765625,990.2899780273438,974.0,974.0,3618700
2025-02-03,978.9400024414062,987.6900024414062,964.3800048828125,973.0,3724200
2025-02-04,994.8699951171875,1008.0,978.510009765625,980.469970703125,6000100
2025-02-05,1011.1099853515625,1011.8300170898438,986.6799926757812,987.72998046875,3993400
2025-02-06,1015.6799926757812,1016.3499755859375,1002.6099853515625,1007.8699951171875,3134300
2025-02-07,1013.9299926757812,1027.760009765625,1005.6699829101562,1017.0,3212900
2025-02-10,1027.5999755859375,1032.8499755859375,1015.8800048828125,1023.0499877929688,3296600
2025-02-11,1008.0800170898438,1022.6900024414062,1002.9500122070312,1020.7899780273438,3331800
2025-02-12,1027.31005859375,1027.739990234375,998.3499755859375,1005.489990234375,3389000
2025-02-13,1043.68994140625,1045.989990234375,1025.0999755859375,1026.6300048828125,3476100
2025-02-14,1058.5999755859375,1064.5,1041.68994140625,1044.949951171875,3145400
2025-02-18,1035.8499755859375,1062.0,1023.75,1060.0,4229300
2025-02-19,1043.3299560546875,1045.0,1024.510009765625,1035.1800537109375,2600000
2025-02-20,1024.5400390625,1045.0,1015.5900268554688,1042.0,3111800
2025-02-21,1003.1500244140625,1032.3800048828125,999.3900146484375,1029.4200439453125,3738700
2025-02-24,988.469970703125,1015.1699829101562,984.47998046875,1008.0,4426200
2025-02-25,977.239990234375,994.4000244140625,955.0,989.4000244140625,4738300
2025-02-26,990.0599975585938,1000.8900146484375,976.9000244140625,977.5999755859375,3397200
2025-02-27,963.0700073242188,1000.72998046875,961.8300170898438,995.0,3766600
2025-02-28,980.5599975585938,982.27001953125,958.1699829101562,969.5599975585938,4717400
2025-03-03,973.7000122070312,994.9299926757812,964.8099975585938,983.0,3907400
2025-03-04,972.5800170898438,986.3099975585938,948.2100219726562,971.6099853515625,4392800
2025-03-05,990.9199829101562,995.5999755859375,969.47998046875,973.6199951171875,3807900
2025-03-06,906.3599853515625,973.6900024414062,899.0,972.989990234375,7852600
2025-03-07,891.1099853515625,904.8900146484375,858.0700073242188,897.6400146484375,7737500
2025-03-10,866.6799926757812,881.27001953125,854.5,875.0700073242188,6995300
2025-03-11,895.0999755859375,910.6799926757812,866.0,867.4099731445312,7398900
2025-03-12,919.6799926757812,927.1799926757812,901.0,914.5999755859375,6865800
2025-03-13,890.1699829101562,921.8900146484375,887.510009765625,913.0,5001700
2025-03-14,918.0,919.6300048828125,901.0,901.4600219726562,5200700
2025-03-17,950.02001953125,967.6300048828125,934.4199829101562,939.9500122070312,7543100
2025-03-18,929.97998046875,948.25,916.2999877929688,940.0,6009400
2025-03-19,959.489990234375,968.0,924.0,935.77001953125,6662400
2025-03-20,950.8400268554688,967.0,945.5,950.010009765625,4466300
2025-03-21,960.2899780273438,963.6500244140625,940.9500122070312,941.6400146484375,5905400
2025-03-24,971.989990234375,977.0,951.5499877929688,969.6699829101562,4677900
2025-03-25,997.280029296875,998.7000122070312,977.1099853515625,978.1799926757812,3782200
2025-03-26,970.6500244140625,996.7899780273438,966.3200073242188,993.8099975585938,3527400
2025-03-27,976.719970703125,989.0,966.3699951171875,974.219970703125,3047200
2025-03-28,933.8499755859375,974.97998046875,929.22998046875,972.0,4422700
2025-03-31,932.530029296875,934.47998046875,900.5900268554688,920.530029296875,4634100
2025-04-01,928.3800048828125,932.2899780273438,911.5,927.5,3520000
2025-04-02,935.52001953125,949.5499877929688,916.1099853515625,923.0,3256900
2025-04-03,917.0499877929688,946.5900268554688,900.469970703125,901.7999877929688,5864600
2025-04-04,855.8599853515625,906.6300048828125,853.8699951171875,896.5,6798800
2025-04-07,867.8300170898438,906.739990234375,821.0999755859375,827.8499755859375,6656800
2025-04-08,870.4000244140625,922.4199829101562,857.7000122070312,912.4400024414062,5625400
2025-04-09,945.469970703125,951.4299926757812,854.4000244140625,855.9299926757812,7498000
2025-04-10,921.1699829101562,941.239990234375,894.0,931.9400024414062,5129800
2025-04-11,918.2899780273438,944.8599853515625,906.6799926757812,920.0,4073600
2025-04-14,931.280029296875,948.97998046875,919.5,932.7000122070312,4035900
2025-04-15,976.280029296875,993.4500122070312,948.0,950.0,7712000
2025-04-16,961.6300048828125,981.2100219726562,949.1699829101562,976.280029296875,6066100
2025-04-17,973.030029296875,984.7000122070312,956.0,969.0,8763200
2025-04-21,987.9099731445312,1019.0,973.0499877929688,984.4000244140625,9775700
2025-04-22,1040.3399658203125,1064.969970703125,1004.52001953125,1005.2999877929688,9368900
2025-04-23,1049.5899658203125,1061.25,1032.0,1047.219970703125,6471900
2025-04-24,1096.8699951171875,1101.0,1047.02001953125,1048.0,6381900
2025-04-25,1101.530029296875,1106.800048828125,1091.0,1097.0400390625,3950000
2025-04-28,1110.3800048828125,1114.0,1082.6199951171875,1100.0,3831100
2025-04-29,1125.6400146484375,1127.81005859375,1095.47998046875,1103.9200439453125,3777300
2025-04-30,1131.719970703125,1133.199951171875,1101.1099853515625,1112.6500244140625,4266700
2025-05-01,1133.469970703125,1142.4200439453125,1111.8299560546875,1122.52001953125,3499500
2025-05-02,1156.489990234375,1159.43994140625,1133.3199462890625,1136.6600341796875,3774300
2025-05-05,1134.06005859375,1144.02001953125,1107.010009765625,1114.800048828125,5662300
2025-05-06,1137.68994140625,1147.6600341796875,1126.4000244140625,1129.4300537109375,3256700
2025-05-07,1155.4100341796875,1164.0,1138.0,1139.1800537109375,4349700
2025-05-08,1144.4300537109375,1162.2900390625,1139.199951171875,1161.6199951171875,3760900
2025-05-09,1140.219970703125,1151.0,1133.219970703125,1147.0999755859375,2569600
2025-05-12,1110.0,1130.0,1102.9300537109375,1124.260009765625,6479100
2025-05-13,1138.43994140625,1147.8800048828125,1106.300048828125,1114.4599609375,3997900
2025-05-14,1150.989990234375,1152.9000244140625,1128.4000244140625,1129.5999755859375,3910100
2025-05-15,1177.97998046875,1187.800048828125,1147.6500244140625,1147.739990234375,4464000
2025-05-16,1191.530029296875,1196.5,1179.3900146484375,1193.1400146484375,4698400
2025-05-19,1191.6400146484375,1191.6400146484375,1171.7099609375,1173.5799560546875,2853400
2025-05-20,1192.02001953125,1193.0,1179.02001953125,1186.7900390625,2133100
2025-05-21,1194.6300048828125,1211.219970703125,1186.5,1186.5,2976600
2025-05-22,1187.969970703125,1198.75,1187.2099609375,1192.4000244140625,1861600
2025-05-23,1185.3900146484375,1191.449951171875,1179.43994140625,1184.0,2186500
2025-05-27,1211.5699462890625,1211.77001953125,1193.0899658203125,1195.3299560546875,2920500
2025-05-28,1208.550048828125,1215.9100341796875,1206.02001953125,1210.27001953125,1855900
2025-05-29,1184.8599853515625,1209.0,1176.280029296875,1208.0,3303100
2025-05-30,1207.22998046875,1211.81005859375,1180.9300537109375,1198.3299560546875,4696800
2025-06-02,1218.97998046875,1219.4000244140625,1196.25,1201.199951171875,2294200
2025-06-03,1217.93994140625,1229.5699462890625,1211.1800537109375,1219.8699951171875,2363800
2025-06-04,1239.6600341796875,1242.56005859375,1219.8800048828125,1220.72998046875,2359400
2025-06-05,1250.52001953125,1262.81005859375,1237.2900390625,1240.5999755859375,2817200
2025-06-06,1241.469970703125,1260.0,1235.550048828125,1259.4100341796875,2557000
2025-06-09,1224.4599609375,1238.8800048828125,1221.5699462890625,1238.8800048828125,2403100
2025-06-10,1203.6199951171875,1227.52001953125,1180.6099853515625,1227.52001953125,4454400
2025-06-11,1219.8800048828125,1228.2900390625,1196.010009765625,1202.5999755859375,2382300
2025-06-12,1215.030029296875,1230.0,1211.9599609375,1222.5899658203125,2084600
2025-06-13,1212.1500244140625,1220.6199951171875,1201.8900146484375,1206.5899658203125,2210300
2025-06-16,1225.3499755859375,1226.25,1212.199951171875,1212.199951171875,2112800
2025-06-17,1220.6700439453125,1232.3599853515625,1216.0899658203125,1219.949951171875,1892100
2025-06-18,1222.2900390625,1242.0,1220.5,1229.989990234375,2281000
2025-06-20,1231.4100341796875,1248.5,1224.3499755859375,1234.449951171875,5348200
2025-06-23,1253.5400390625,1254.8399658203125,1215.010009765625,1238.030029296875,2667300
2025-06-24,1279.1099853515625,1282.5699462890625,1255.0,1260.550048828125,2663300
2025-06-25,1275.25,1298.0,1273.81005859375,1286.8399658203125,2146500
2025-06-26,1306.6700439453125,1307.3399658203125,1280.0,1280.0,2605900
2025-06-27,1323.1199951171875,1331.3499755859375,1301.0,1306.8800048828125,4070900
2025-06-30,1339.1300048828125,1341.1500244140625,1321.2099609375,1331.0,3282900
2025-07-01,1293.5999755859375,1338.77001953125,1282.219970703125,1338.22998046875,4993600
2025-07-02,1284.8599853515625,1299.949951171875,1271.5899658203125,1296.9599609375,3048800
2025-07-03,1297.1800537109375,1302.260009765625,1279.760009765625,1292.0,2006200
2025-07-07,1289.6199951171875,1295.0,1276.02001953125,1295.0,2273700
2025-07-08,1275.31005859375,1293.25,1260.0,1290.9000244140625,3292500
2025-07-09,1288.280029296875,1288.2900390625,1266.239990234375,1273.989990234375,2384500
2025-07-10,1250.5899658203125,1289.5999755859375,1246.010009765625,1285.5,4230800
2025-07-11,1245.1099853515625,1261.0,1231.300048828125,1259.7900390625,3950500
2025-07-14,1266.6600341796875,1270.489990234375,1240.0,1244.9100341796875,1959365
